Workbook

Sheet Price
A1: Product | B1: Mill (/ft2) | C1: Mill (/m2) | D1: Mill (/m) | E1: Powder Coating (/ft2) | F1: Powder Coating (/m2) | G1: Powder Coating (/m) | H1: PVDF (/ft2) | I1: PVDF (/m2) | J1: PVDF (/m)
A2: AF60 | B2: =C2/10.76391 -> 829.29902 | C2: =((1000/B8)*'Per m weight'!B3)*A8 -> 8926.5 | D2: =+A8*'Per m weight'!B3 -> 892.65 | E2: =F2/10.76391 -> 903.45872 | F2: =C2+(((('Per m weight'!C3*0.03937)*39.37)*(1000/B8))*'Coating Rate'!C1) -> 9724.7484 | G2: =+D2+((('Per m weight'!C3/25.4)*39.37008)*'Coating Rate'!C1) -> 972.47516 | H2: =I2/10.76391 -> 1036.9462 | I2: =C2+(((('Per m weight'!C3*0.03937)*39.37)*(1000/B8))*0.7) -> 11161.596 | J2: =+D2+((('Per m weight'!C3/25.4)*39.37008)*'Coating Rate'!C2) -> 1084.2304
A3: Wall Brackets | B3: =C3/10.76391 -> 83.083192 | C3: =((((1000/B8)*2)*50/1000)*'Per m weight'!B4)*A8 -> 894.3 | D3: =CEILING(((A8*'Per m weight'!B4)*0.15),10) -> 140 | E3: =F3/10.76391 -> 92.443155 | F3: =C3+(((('Per m weight'!C4*0.03937)*39.37)*((1000/B8)*2)*50/1000)*'Coating Rate'!C1) -> 995.0498 | G3: =+D3+((('Per m weight'!C4/25.4)*6)*'Coating Rate'!C1) -> 155.35433 | H3: =I3/10.76391 -> 109.29109 | I3: =C3+(((('Per m weight'!C4*0.03937)*39.37)*((1000/B8)*2)*(50/1000))*0.7) -> 1176.3994 | J3: =+D3+((('Per m weight'!C4/25.4)*6)*'Coating Rate'!C2) -> 176.85039
A4: Carrier | B4: =C4/10.76391 -> 76.185141 | C4: =((((1000/B8)*2)*50/1000)*'Per m weight'!B5)*A8 -> 820.05 | D4: =+CEILING(((A8*'Per m weight'!B5)*0.15),10) -> 130 | E4: =F4/10.76391 -> 80.433124 | F4: =C4+(((('Per m weight'!C5*0.03937)*39.37)*((1000/B8)*2)*50/1000)*'Coating Rate'!C1) -> 865.77491 | G4: =+D4+((('Per m weight'!C5/25.4)*6)*'Coating Rate'!C1) -> 136.9685 | H4: =I4/10.76391 -> 88.079494 | I4: =C4+(((('Per m weight'!C5*0.03937)*39.37)*((1000/B8)*2)*(50/1000))*0.7) -> 948.07974 | J4: =+D4+((('Per m weight'!C5/25.4)*6)*'Coating Rate'!C2) -> 146.72441
A5: Total Rate | B5: =CEILING((SUM(B2:B4)),10) -> 990 | C5: =CEILING((SUM(C2:C4)),10) -> 10650 | E5: =+CEILING((SUM(E2:E4)),10) -> 1080 | F5: =+CEILING((SUM(F2:F4)),10) -> 11590 | H5: =+CEILING((SUM(H2:H4)),10) -> 1240 | I5: =+CEILING((SUM(I2:I4)),10) -> 13290
A7: Conversion Rate | B7: Pitch
A8: 825 | B8: 100

Sheet Per m weight
A1: Correct Weight 2020
A2: Product Description | B2: Weight (kg/m) | C2: Perimeter (mm)
A3: Aerofoil AF 100/20 | B3: 1.082 | C3: 206
A4: Aerofoil Wall Bracket WB (for Aerofoil AF100/20, AF150/40, AF200/50, AF 250/50) | B4: 1.084 | C4: 260 | E4: =+B4/1000 -> 0.001084 | F4: =+E4*150 -> 0.1626 | G4: =+C4*0.15 -> 39
A5: Aerofoil Carrier C1 (AF100/20) | B5: 0.994 | C5: 118

Sheet Coating Rate
A1: Powder Coating Rate (Rs./in2) | C1: 0.25
A2: Wood Finish Rate (Rs./in2) | C2: 0.6
