Workbook

Sheet Price
A1: Product | B1: Mill (₹/ft2) | C1: Mill (/m2) | D1: Mill (/m) | E1: Powder Coating (/ft2) | F1: Powder Coating (/m2) | G1: Powder Coating (/m) | H1: PVDF (/ft2) | I1: PVDF (/m2) | J1: PVDF (/m)
A2: 30x60 | B2: =C2/10.76391 -> #DIV/0! | C2: =((1000/B7)*'Per m weight'!B3)*A7 -> #DIV/0! | D2: =+A7*'Per m weight'!B3 -> 618.75 | E2: =F2/10.76391 -> #DIV/0! | F2: =C2+(((('Per m weight'!C3*0.03937)*39.37)*(1000/B7))*0.4) -> #DIV/0! | G2: =+D2+((('Per m weight'!C3/25.4)*39.3701)*0.4) -> 730.35028 | H2: =I2/10.76391 -> #DIV/0! | I2: =C2+(((('Per m weight'!C3*0.03937)*39.37)*(1000/B7))*0.7) -> #DIV/0! | J2: =I2/(1000/B7) -> #DIV/0!
A3: Carrier | B3: =C3/10.76391 -> #DIV/0! | C3: =((1000/B7)*'Per m weight'!B4)*A7 -> #DIV/0! | D3: =+A7*'Per m weight'!B4 -> 214.5 | E3: =F3/10.76391 -> #DIV/0! | F3: =C3+(((('Per m weight'!C4*0.03937)*39.37)*(1000/B7))*0.4) -> #DIV/0! | G3: =+D3+((('Per m weight'!C4/25.4)*39.3701)*0.4) -> 253.2501 | H3: =I3/10.76391 -> #DIV/0! | I3: =C3+(((('Per m weight'!C4*0.03937)*39.37)*(1000/B7))*0.7) -> #DIV/0! | J3: =I3/(1000/B7) -> #DIV/0!
A4: Total Rate | B4: =SUM(B2:B3) -> #DIV/0! | C4: =SUM(C2:C3) -> #DIV/0! | E4: =SUM(E2:E3) -> #DIV/0! | F4: =SUM(F2:F3) -> #DIV/0! | H4: =SUM(H2:H3) -> #DIV/0! | I4: =SUM(I2:I3) -> #DIV/0!
A6: Conversion Rate | B6: Pitch
A7: 825

Sheet Per m weight
A1: Correct Weight 2020
A2: Product Description | B2: Weight (kg/m) | C2: Perimeter (mm)
A3: 30x60 Profile | B3: 0.75 | C3: 180 | D3: 150
A4: 30x60 Carrier | B4: 0.26 | C4: =D4+(D4*0.25) -> 62.5 | D4: 50
